insert into authority (id, name) values (1, 'ADMIN')
insert into authority (id, name) values (2, 'USER')
insert into authority (id, name) values (3, 'FAN_ADMIN')

INSERT INTO ACCOUNT (ID, USERNAME, PASSWORD, CONFIRMED, EMAIL, LAST_NAME, NAME) VALUES (789, 'aa', '$2a$10$9AG/inYS7fWOHPhxQCtd0Og2gVYnbhwFBUsHaAOek5QAKSQtWItRC', TRUE, 'aa', 'aa','aa')
INSERT INTO ACCOUNT (ID, USERNAME, PASSWORD, CONFIRMED, EMAIL, LAST_NAME, NAME) VALUES (790, 'pera', '$2a$10$9AG/inYS7fWOHPhxQCtd0Og2gVYnbhwFBUsHaAOek5QAKSQtWItRC', TRUE, 'aa', 'aa','aa')
INSERT INTO ACCOUNT (ID, USERNAME, PASSWORD, CONFIRMED, EMAIL, LAST_NAME, NAME) VALUES (791, 'paja', '$2a$10$9AG/inYS7fWOHPhxQCtd0Og2gVYnbhwFBUsHaAOek5QAKSQtWItRC', TRUE, 'aa', 'aa','aa')
INSERT INTO ACCOUNT (ID, USERNAME, PASSWORD, CONFIRMED, EMAIL, LAST_NAME, NAME) VALUES (792, 'marko', '$2a$10$9AG/inYS7fWOHPhxQCtd0Og2gVYnbhwFBUsHaAOek5QAKSQtWItRC', TRUE, 'aa', 'aa','aa')
INSERT INTO ACCOUNT (ID, USERNAME, PASSWORD, CONFIRMED, EMAIL, LAST_NAME, NAME) VALUES (793, 'zarko', '$2a$10$9AG/inYS7fWOHPhxQCtd0Og2gVYnbhwFBUsHaAOek5QAKSQtWItRC', TRUE, 'aa', 'aa','aa')
INSERT INTO ACCOUNT (ID, USERNAME, PASSWORD, CONFIRMED, EMAIL, LAST_NAME, NAME) VALUES (794, 'darko', '$2a$10$9AG/inYS7fWOHPhxQCtd0Og2gVYnbhwFBUsHaAOek5QAKSQtWItRC', TRUE, 'aa', 'aa','aa')


INSERT INTO CINETER (ID, ADDRESS, CITY, IS_THEATER, NAME, SCORE) VALUES (10, 'Bulevar Mihajla Pupina', 'Novi Sad', false, 'Arena Cineplex', 5)
INSERT INTO CINETER (ID, ADDRESS, CITY, IS_THEATER, NAME, SCORE) VALUES (11, 'Višnjička 84', 'Beograd', false, 'Cineplexx Big Beograd', 5)
INSERT INTO CINETER (ID, ADDRESS, CITY, IS_THEATER, NAME, SCORE) VALUES (21, 'Terazije 29', 'Beograd', TRUE, 'Pozorište na Terazijama', 4)
INSERT INTO CINETER (ID, ADDRESS, CITY, IS_THEATER, NAME, SCORE) VALUES (22, 'Pozorišni trg 1', 'Novi Sad', TRUE, 'Srpsko narodno pozorište', 5)

INSERT INTO HALL (ID, COLUMNS, NUMBER, ROWS, CINETER_ID) VALUES (10, 10, 1, 10, 10)
INSERT INTO HALL (ID, COLUMNS, NUMBER, ROWS, CINETER_ID) VALUES (11, 10, 2, 8, 10)
INSERT INTO HALL (ID, COLUMNS, NUMBER, ROWS, CINETER_ID) VALUES (12, 10, 3, 5, 10)
INSERT INTO HALL (ID, COLUMNS, NUMBER, ROWS, CINETER_ID) VALUES (13, 5, 10, 10, 11)
INSERT INTO HALL (ID, COLUMNS, NUMBER, ROWS, CINETER_ID) VALUES (20, 10, 11, 10, 21)
INSERT INTO HALL (ID, COLUMNS, NUMBER, ROWS, CINETER_ID) VALUES (21, 5, 21, 10, 22)

INSERT INTO CINETER_ADMIN(ID, CINETER_ID, CHANGED_PASSWORD, IS_FAN_ZONE) VALUES (789, 10, FALSE, TRUE )
INSERT INTO CINETER_ADMIN(ID, CINETER_ID, CHANGED_PASSWORD, IS_FAN_ZONE) VALUES (794, 21, FALSE, FALSE )

INSERT INTO ACCOUNT_AUTHORITY(ID, ACCOUNT_ID, AUTHORITY_ID) VALUES (54, 789, 3)

INSERT INTO SHOW (ID, DESCRIPTION, IS_MOVIE, NAME, CINETER_ID) VALUES (25, 'Životna komedija',false, 'CABARES CABAREI', 21)
INSERT INTO SHOW (ID, DESCRIPTION, IS_MOVIE, NAME, CINETER_ID) VALUES (22, 'Reditelj:	David Leitch',true, 'Deadpool 2', 11)
INSERT INTO SHOW (ID, DESCRIPTION, IS_MOVIE, NAME, CINETER_ID) VALUES (250, 'Rat između dobra i zla se nastavlja!',true, 'Osvetnici:Rat beskraja', 10)



INSERT INTO PROPS(ID, DESCRIPTION, NAME, PRICE, AMOUNT, CINETER_ID, ACCOUNT_ID) VALUES (7891, 'opis props1', 'Props1', 10, 200, 10, 789)
INSERT INTO PROPS(ID, DESCRIPTION, NAME, PRICE, AMOUNT, CINETER_ID, ACCOUNT_ID) VALUES (7896, 'opis props2', 'Props2', 10, 300, 10, 789)
INSERT INTO PROPS(ID, DESCRIPTION, NAME, PRICE, AMOUNT, CINETER_ID, ACCOUNT_ID) VALUES (4896, 'opis props3', 'Props3', 10, 1000, 21, 789)